Frame,p1xaxis,p1yaxis,p2xaxis,p2yaxis,p3xaxis,p3yaxis,tree1,tree2,tree3,AB,BC
1,97,135,0,0,516,132,200,100,200,50,50
2,97,159,0,0,516,131,200,100,200,150,100
3,97,159,0,0,516,131,200,100,200,150,100
4,98,159,0,0,516,131,200,100,200,150,100
5,97,159,0,0,516,131,200,100,200,150,100
6,97,132,0,0,516,132,200,100,200,150,100
7,97,159,0,0,516,132,200,100,200,150,100
8,97,159,0,0,515,133,100,100,200,50,100
9,97,159,0,0,516,133,100,100,200,50,100
10,97,159,0,0,516,132,100,100,200,50,100
11,97,159,0,0,516,132,100,100,200,50,100
12,97,159,0,0,516,132,200,100,200,150,100
13,97,159,0,0,516,132,200,100,200,150,100
14,98,159,0,0,516,134,200,100,200,150,100
15,98,159,0,0,516,134,200,100,200,150,100
16,98,159,0,0,516,133,200,100,200,150,100
17,98,159,0,0,516,133,200,100,200,150,100
18,97,159,0,0,516,132,200,100,200,150,100
19,97,159,0,0,516,132,200,100,200,150,100
20,98,159,0,0,515,133,200,100,200,150,100
21,97,159,0,0,516,133,200,100,200,150,100
22,98,159,0,0,515,137,200,100,200,150,100
23,98,159,0,0,515,137,200,100,200,150,100
24,98,159,0,0,515,137,200,100,200,150,100
25,98,159,0,0,515,136,200,100,200,150,100
26,98,158,0,0,516,135,200,100,200,150,100
27,98,159,0,0,516,136,200,100,200,150,100
28,98,159,0,0,516,136,200,100,200,150,100
29,97,159,0,0,516,135,200,100,200,150,100
30,98,159,0,0,516,137,200,100,200,150,100
31,98,159,0,0,516,136,100,100,200,50,100
32,98,159,0,0,516,136,100,100,200,50,100
33,98,159,0,0,516,137,100,100,200,50,100
34,98,158,0,0,516,136,200,100,200,150,100
35,98,159,0,0,516,136,200,100,200,150,100
36,97,158,0,0,516,135,200,100,200,150,100
37,98,159,0,0,516,135,200,100,200,150,100
38,98,158,0,0,516,136,200,100,200,150,100
39,98,158,0,0,516,135,200,100,200,150,100
40,98,159,0,0,516,136,200,100,200,150,100
41,98,159,0,0,516,136,200,100,200,150,100
42,98,159,0,0,516,136,200,100,200,150,100
43,98,159,0,0,516,136,200,100,200,150,100
44,98,158,0,0,516,134,200,100,200,150,100
45,98,158,0,0,516,134,200,100,200,150,100
46,98,133,263,133,515,131,200,200,200,200,200
47,98,133,263,133,516,131,200,200,200,200,200
48,98,158,263,135,515,135,200,200,200,200,200
49,98,158,263,135,515,135,200,200,200,200,200
50,98,159,317,130,515,133,200,200,200,200,200
51,98,159,317,130,515,134,200,200,200,200,200
52,98,159,317,130,515,131,200,200,200,200,200
53,98,159,317,130,515,131,200,200,200,200,200
54,98,159,263,134,515,134,100,200,200,100,200
55,98,159,263,134,515,135,100,200,200,100,200
56,98,159,262,136,515,136,100,200,200,100,200
57,98,159,262,136,516,137,100,200,200,100,200
58,98,159,262,134,516,137,100,200,200,100,200
59,98,159,262,134,516,136,100,200,200,100,200
60,98,159,262,134,516,137,100,200,200,100,200
61,98,159,263,134,516,138,100,200,200,100,200
62,98,159,263,132,516,139,100,200,200,100,200
63,98,159,263,133,516,138,100,200,200,100,200
64,98,159,263,132,516,137,100,200,200,100,200
65,98,159,263,132,515,137,100,200,200,100,200
66,98,159,263,132,515,137,100,200,200,100,200
67,98,159,263,132,515,136,100,100,200,50,100
68,98,159,263,132,516,136,100,100,200,50,100
69,98,159,263,132,515,136,100,100,200,50,100
70,98,159,263,132,515,136,100,200,200,100,200
71,98,159,263,132,515,137,100,100,200,50,100
72,98,159,317,129,515,137,100,200,200,100,200
73,98,159,317,130,515,137,100,200,200,100,200
74,98,159,263,132,515,137,100,200,200,100,200
75,98,159,316,129,515,138,100,200,200,100,200
76,98,159,263,134,515,137,100,200,200,100,200
77,98,159,263,134,515,138,100,200,200,100,200
78,98,159,263,133,514,137,100,200,200,100,200
79,98,159,263,133,515,137,100,200,200,100,200
80,97,159,263,133,514,137,200,200,200,200,200
81,97,159,263,133,515,137,200,200,200,200,200
82,97,159,263,135,514,138,100,200,200,100,200
83,97,159,263,135,514,138,100,200,200,100,200
84,97,159,263,135,514,139,100,200,200,100,200
85,97,159,263,135,514,139,100,200,200,100,200
86,97,159,263,135,514,139,100,100,200,50,100
87,97,159,263,135,514,139,100,100,200,50,100
88,97,159,263,134,514,138,100,200,200,100,200
89,97,159,263,134,515,137,100,200,200,100,200
90,97,159,263,134,514,136,100,200,200,100,200
91,97,159,263,133,514,135,100,200,200,100,200
92,97,159,263,133,514,138,100,100,200,50,100
93,97,159,263,133,514,137,100,100,200,50,100
94,97,159,263,133,515,138,100,100,200,50,100
95,97,159,263,133,515,138,100,100,200,50,100
96,97,159,263,133,516,137,100,100,200,50,100
97,97,159,264,131,516,137,100,200,200,100,200
98,97,159,263,132,515,138,100,200,200,100,200
99,97,159,263,131,516,137,100,200,200,100,200
100,97,159,263,132,516,136,100,200,200,100,200
101,97,159,263,131,516,136,100,200,200,100,200
102,97,159,263,131,515,137,100,200,200,100,200
103,97,159,263,131,516,137,100,200,200,100,200
104,97,159,263,131,515,138,100,200,200,100,200
105,97,159,263,131,515,138,100,200,200,100,200
106,97,159,263,132,516,138,100,200,200,100,200
107,97,159,263,131,516,138,100,200,200,100,200
108,97,159,263,131,515,139,100,200,200,100,200
109,97,159,263,132,515,139,100,200,200,100,200
110,97,159,263,131,515,138,100,200,200,100,200
111,97,159,263,131,515,138,100,200,200,100,200
112,97,159,263,131,515,138,100,200,200,100,200
113,97,159,263,131,515,139,100,200,200,100,200
114,97,159,263,131,515,138,100,200,200,100,200
115,97,159,263,131,515,138,100,200,200,100,200
116,97,159,263,131,515,137,100,200,200,100,200
117,97,159,263,131,515,137,100,200,200,100,200
118,97,159,263,131,515,135,100,200,200,100,200
119,97,159,263,131,516,134,100,200,200,100,200
120,97,159,263,131,516,134,100,100,200,50,100
121,97,159,263,131,515,135,100,100,200,50,100
122,97,159,263,131,515,135,100,100,200,50,100
123,97,159,263,131,515,135,100,100,200,50,100
124,97,159,263,131,515,135,100,100,200,50,100
125,97,159,263,131,515,134,100,100,200,50,100
126,97,159,263,132,515,133,100,200,200,100,200
127,97,159,263,131,515,133,100,200,200,100,200
128,97,159,263,131,515,131,100,200,200,100,200
129,97,159,263,131,515,131,100,200,200,100,200
130,97,159,262,131,515,131,100,200,200,100,200
131,97,159,263,131,515,131,100,200,200,100,200
132,97,159,262,132,514,132,100,200,200,100,200
133,97,159,262,132,514,132,100,200,200,100,200
134,206,132,262,131,515,132,200,200,200,200,200
135,207,132,262,132,515,131,200,200,200,200,200
136,207,132,263,131,516,132,100,200,200,100,200
137,207,132,263,131,516,132,100,100,200,50,100
138,207,132,263,131,516,131,100,200,200,100,200
139,207,132,263,131,516,131,100,100,200,50,100
140,207,132,262,132,515,132,100,200,200,100,200
141,207,132,262,132,515,132,100,200,200,100,200
142,207,132,262,132,515,134,100,100,200,50,100
143,207,132,262,132,515,134,100,100,200,50,100
144,207,132,262,132,515,135,100,100,200,50,100
145,207,132,262,132,515,135,100,100,200,50,100
146,207,132,262,132,515,136,100,100,200,50,100
147,207,132,262,132,515,136,100,100,200,50,100
148,207,132,262,132,514,135,100,100,200,50,100
149,207,132,262,132,514,135,100,100,200,50,100
150,207,132,262,132,515,135,100,100,200,50,100
151,207,132,262,132,515,135,100,100,200,50,100
152,207,132,262,132,515,134,100,100,200,50,100
153,207,132,262,132,515,134,100,100,200,50,100
154,207,132,262,132,538,131,100,100,200,50,100
155,207,132,262,132,538,131,100,100,200,50,100
156,207,132,262,132,515,131,100,100,200,50,100
157,207,132,262,132,515,131,100,100,200,50,100
158,207,132,262,132,515,132,100,100,200,50,100
159,207,132,262,132,515,132,100,100,200,50,100
160,207,132,262,132,538,131,100,100,200,50,100
161,207,132,262,132,538,131,100,100,200,50,100
162,207,132,262,132,515,134,100,100,200,50,100
163,207,132,262,132,515,134,100,100,200,50,100
164,207,132,262,132,515,133,100,100,200,50,100
165,207,132,262,132,538,131,100,100,200,50,100
166,207,132,262,132,537,131,100,100,200,50,100
167,207,132,262,132,537,131,100,100,200,50,100
168,207,132,262,132,538,131,100,100,200,50,100
169,207,132,262,132,538,131,100,100,200,50,100
170,206,132,262,132,537,131,200,100,200,150,100
171,206,132,262,132,538,131,200,100,200,150,100
172,206,131,262,132,537,131,200,100,200,150,100
173,206,131,262,132,538,131,200,100,200,150,100
174,206,130,262,132,538,131,200,100,200,150,100
175,206,130,262,132,538,130,200,100,200,150,100
176,206,130,262,132,538,131,200,100,200,150,100
177,206,131,262,132,538,131,200,100,200,150,100
178,206,130,262,132,538,130,200,100,200,150,100
179,206,131,262,132,537,131,200,100,200,150,100
180,206,131,262,132,538,131,200,100,200,150,100
181,205,131,262,132,538,131,200,100,200,150,100
182,206,131,262,132,537,131,200,100,200,150,100
183,206,131,262,132,538,131,200,100,200,150,100
184,206,130,262,132,538,131,200,100,200,150,100
185,206,130,262,132,537,131,200,100,200,150,100
186,206,130,262,132,537,130,200,100,200,150,100
187,206,131,262,132,537,131,200,100,200,150,100
188,206,131,262,132,537,131,200,100,200,150,100
189,206,131,262,132,537,130,200,100,200,150,100
190,206,130,262,132,538,130,200,100,200,150,100
191,206,130,262,132,538,130,200,100,200,150,100
192,206,130,262,132,515,131,200,100,200,150,100
193,206,130,262,132,515,131,200,100,200,150,100
194,206,131,262,132,515,132,200,100,200,150,100
195,206,131,262,132,515,132,200,100,200,150,100
196,207,130,262,132,515,132,200,100,200,150,100
197,207,130,262,132,515,132,200,100,200,150,100
198,206,130,262,132,538,130,200,100,200,150,100
199,206,130,262,132,515,132,200,100,200,150,100
200,206,131,262,132,515,132,200,100,200,150,100
201,206,131,262,132,515,132,200,100,200,150,100
202,206,131,262,132,538,130,200,100,200,150,100
203,206,131,262,132,538,130,200,100,200,150,100
204,206,130,262,132,538,130,200,100,200,150,100
205,206,130,262,132,538,131,200,100,200,150,100
206,206,131,262,132,538,131,200,100,200,150,100
207,206,130,262,132,538,131,200,100,200,150,100
208,206,130,262,132,685,131,200,100,200,150,100
209,206,130,262,132,684,131,200,100,200,150,100
210,206,130,262,132,685,131,200,100,200,150,100
211,206,130,262,132,685,131,200,100,200,150,100
212,206,130,262,132,685,131,200,100,200,150,100
213,206,130,262,132,685,131,200,100,200,150,100
214,206,130,262,132,685,131,200,100,200,150,100
215,206,130,262,132,685,131,200,100,200,150,100
216,206,130,262,132,685,131,200,100,200,150,100
217,206,130,262,132,685,131,200,100,200,150,100
218,206,130,262,132,686,131,200,100,200,150,100
219,206,130,262,132,685,130,200,100,200,150,100
220,206,130,262,132,686,130,200,100,200,150,100
221,206,130,262,132,686,130,200,100,200,150,100
222,207,130,262,132,539,131,200,100,200,150,100
223,207,130,262,132,539,130,200,100,200,150,100
224,207,131,262,132,538,131,200,100,200,150,100
225,206,130,262,132,539,131,200,100,200,150,100
226,206,131,262,132,539,131,200,100,200,150,100
227,206,130,262,132,539,131,200,100,200,150,100
228,207,130,262,132,539,131,200,100,200,150,100
229,207,130,262,132,539,130,200,100,200,150,100
230,207,130,262,132,515,132,200,100,200,150,100
231,207,130,262,132,539,130,200,100,200,150,100
232,206,130,262,132,539,130,200,100,200,150,100
233,207,130,262,132,515,133,200,100,200,150,100
234,206,131,262,132,516,132,200,100,200,150,100
235,206,130,262,132,538,130,200,100,200,150,100
236,206,130,262,132,539,130,200,100,200,150,100
237,206,130,262,132,539,130,200,100,200,150,100
238,206,130,262,132,539,130,200,100,200,150,100
239,207,130,262,132,539,130,200,100,200,150,100
240,207,131,262,132,539,131,200,100,200,150,100
241,207,131,262,132,514,132,200,100,200,150,100
242,207,131,262,132,538,130,200,100,200,150,100
243,206,131,262,132,539,131,200,100,200,150,100
244,207,131,262,132,538,130,200,100,200,150,100
245,207,131,262,132,538,130,200,100,200,150,100
246,207,131,262,132,538,130,200,100,200,150,100
247,207,131,262,132,538,130,200,100,200,150,100
248,207,131,262,132,538,129,200,100,200,150,100
249,207,131,262,132,538,129,200,100,200,150,100
250,206,131,262,132,538,130,200,100,200,150,100
251,206,131,262,132,538,130,200,100,200,150,100
252,206,131,262,132,514,136,200,100,200,150,100
253,206,131,262,132,514,137,200,100,200,150,100
254,206,131,262,132,514,134,200,100,200,150,100
255,206,131,262,132,513,134,200,100,200,150,100
256,206,131,262,132,538,131,200,100,200,150,100
257,206,131,262,132,513,133,200,100,200,150,100
258,206,131,262,132,538,130,200,100,200,150,100
259,206,131,262,132,538,130,100,100,200,50,100
260,206,131,262,132,514,135,100,100,200,50,100
261,206,131,262,132,514,135,100,100,200,50,100
262,206,131,262,132,515,135,100,100,200,50,100
263,206,131,262,132,514,136,100,100,200,50,100
264,206,131,262,132,513,136,100,100,200,50,100
265,206,131,262,132,513,136,100,100,200,50,100
266,206,131,262,132,513,136,200,100,200,150,100
267,206,131,262,132,513,136,200,100,200,150,100
268,206,131,262,132,513,134,200,100,200,150,100
269,206,131,262,132,513,135,200,100,200,150,100
270,183,133,262,132,539,130,200,100,200,150,100
271,183,133,262,132,539,130,200,100,200,150,100
272,207,131,262,132,539,130,200,100,200,150,100
273,207,131,262,132,539,130,200,100,200,150,100
274,208,130,262,132,539,130,200,100,200,150,100
275,207,130,262,132,539,130,200,100,200,150,100
276,207,131,262,132,539,130,200,100,200,150,100
277,207,131,262,132,539,130,200,100,200,150,100
278,206,131,262,132,538,130,200,100,200,150,100
279,206,131,262,132,538,130,200,100,200,150,100
280,207,131,262,132,565,137,200,100,200,150,100
281,207,131,262,132,565,136,200,100,200,150,100
282,207,132,262,132,566,135,200,100,200,150,100
283,207,132,262,132,566,135,200,100,200,150,100
284,206,131,262,132,539,130,200,100,200,150,100
285,206,131,262,132,539,130,200,100,200,150,100
286,206,131,262,132,539,130,100,100,200,50,100
287,207,132,262,132,566,136,200,100,200,150,100
288,207,132,262,132,539,130,200,100,200,150,100
289,206,132,262,132,539,130,200,100,200,150,100
290,207,132,262,132,538,130,200,100,200,150,100
291,207,133,262,132,538,130,200,100,200,150,100
292,206,132,262,132,515,134,200,100,200,150,100
293,206,132,262,132,515,134,200,100,200,150,100
294,206,160,262,132,539,131,200,100,200,150,100
295,206,161,262,132,539,131,200,100,200,150,100
296,207,133,262,132,514,134,200,100,200,150,100
297,207,132,262,132,514,135,200,100,200,150,100
298,207,134,262,132,514,132,200,100,200,150,100
299,185,132,262,132,514,131,200,100,200,150,100
300,207,134,262,132,514,130,200,100,200,150,100
301,208,134,262,132,514,131,200,100,200,150,100
302,207,134,262,132,515,133,200,100,200,150,100
303,207,134,262,132,539,130,200,100,200,150,100
304,44,164,262,132,513,132,200,100,200,150,100
305,44,164,262,132,514,132,200,100,200,150,100
306,44,163,262,132,513,133,200,100,200,150,100
307,44,163,262,132,513,133,200,100,200,150,100
308,44,164,262,132,513,130,200,100,200,150,100
309,44,164,262,132,513,130,200,100,200,150,100
310,45,164,262,132,514,131,200,100,200,150,100
311,45,164,262,132,514,131,200,100,200,150,100
312,45,164,262,132,540,130,200,100,200,150,100
313,45,164,262,132,540,130,200,100,200,150,100
314,44,164,262,132,514,131,200,100,200,150,100
315,45,164,262,132,514,131,200,100,200,150,100
316,44,163,262,132,513,132,200,100,200,150,100
317,44,163,262,132,513,133,200,100,200,150,100
318,43,163,262,132,539,130,200,100,200,150,100
319,43,163,262,132,539,130,200,100,200,150,100
320,182,134,262,132,539,130,200,100,200,150,100
321,182,135,262,132,539,129,200,100,200,150,100
322,182,135,262,132,513,133,100,100,200,50,100
323,182,135,262,132,513,134,100,100,200,50,100
324,182,135,262,132,513,130,100,100,200,50,100
325,182,135,262,132,513,130,100,100,200,50,100
326,180,132,262,132,514,130,200,100,200,150,100
327,180,133,262,132,513,130,200,100,200,150,100
328,180,130,262,132,540,130,200,100,200,150,100
329,180,131,262,132,540,130,200,100,200,150,100
330,182,136,262,132,513,131,200,100,200,150,100
331,182,135,262,132,513,130,200,100,200,150,100
332,182,131,262,132,513,130,200,100,200,150,100
333,181,130,262,132,513,130,200,100,200,150,100
334,181,130,262,132,513,130,100,100,200,50,100
335,181,130,262,132,512,130,100,100,200,50,100
336,181,130,262,132,513,130,100,100,200,50,100
337,181,130,262,132,513,130,100,100,200,50,100
338,181,130,262,132,513,131,100,100,200,50,100
339,181,130,262,132,513,131,100,100,200,50,100
340,181,130,262,132,513,132,100,100,200,50,100
341,125,131,262,132,512,131,200,100,200,150,100
342,125,131,262,132,513,132,100,100,200,50,100
343,127,131,262,132,513,132,200,100,200,150,100
344,127,131,262,132,513,134,200,100,200,150,100
345,126,131,262,132,513,134,200,100,200,150,100
346,126,132,262,132,514,132,200,100,200,150,100
347,126,132,262,132,514,133,200,100,200,150,100
348,126,132,263,129,514,133,200,200,200,200,200
349,126,132,263,129,514,133,200,100,200,150,100
350,127,160,263,129,514,132,200,100,200,150,100
351,127,160,263,129,514,132,200,100,200,150,100
352,127,160,262,128,514,130,100,200,200,100,200
353,127,160,262,129,513,132,100,200,200,100,200
354,128,170,262,129,514,130,200,100,200,150,100
355,128,170,262,129,514,131,100,100,200,50,100
356,127,173,262,129,514,130,200,100,200,150,100
357,127,172,262,129,514,129,200,100,200,150,100
358,129,178,262,129,514,131,200,100,200,150,100
359,128,178,262,129,514,130,200,100,200,150,100
360,127,173,262,129,514,130,200,100,200,150,100
361,127,173,262,129,513,130,200,100,200,150,100
362,128,171,262,129,514,131,200,100,200,150,100
363,128,171,262,129,514,131,200,100,200,150,100
364,126,172,262,129,514,130,200,100,200,150,100
365,127,172,262,129,514,130,200,100,200,150,100
366,127,169,262,129,513,130,200,100,200,150,100
367,127,170,262,129,513,130,200,100,200,150,100
368,128,173,262,129,513,130,200,100,200,150,100
369,128,173,262,129,513,130,200,100,200,150,100
370,128,173,262,129,513,130,200,100,200,150,100
371,128,174,262,129,514,130,200,100,200,150,100
372,127,174,262,129,514,130,200,100,200,150,100
373,127,174,262,129,514,129,200,100,200,150,100
374,127,173,262,129,514,130,200,100,200,150,100
375,127,174,262,129,514,131,200,100,200,150,100
376,127,174,262,129,513,131,100,100,200,50,100
377,127,174,262,129,513,130,100,100,200,50,100
378,125,131,262,129,513,130,200,100,200,150,100
379,126,131,262,129,513,130,200,100,200,150,100
380,97,163,262,129,513,131,200,100,200,150,100
381,97,163,262,129,513,131,200,100,200,150,100
382,97,163,262,129,513,132,200,100,200,150,100
383,126,170,262,129,513,132,200,100,200,150,100
384,96,164,262,129,514,135,200,100,200,150,100
385,125,170,262,129,514,134,200,100,200,150,100
386,125,170,262,129,514,135,100,100,200,50,100
387,125,170,262,129,514,134,100,100,200,50,100
388,97,164,262,129,513,134,200,100,200,150,100
389,97,164,262,129,514,134,200,100,200,150,100
390,96,165,262,129,513,135,200,100,200,150,100
391,96,164,262,129,513,135,200,100,200,150,100
392,96,163,262,129,514,132,200,100,200,150,100
393,96,163,262,129,514,133,200,100,200,150,100
394,96,163,262,129,514,132,100,100,200,50,100
395,96,163,262,129,513,132,100,100,200,50,100
396,96,163,262,129,513,135,100,100,200,50,100
397,96,163,262,129,514,134,100,100,200,50,100
398,96,163,262,129,513,133,100,100,200,50,100
399,96,163,262,129,513,134,100,100,200,50,100
400,95,166,262,129,514,131,200,100,200,150,100
401,95,166,262,129,513,131,200,100,200,150,100
402,96,164,263,129,513,131,200,200,200,200,200
403,95,164,263,129,513,131,200,200,200,200,200
404,96,163,263,129,513,130,200,100,200,150,100
405,96,164,263,129,513,130,200,100,200,150,100
406,124,132,263,129,685,131,200,100,200,150,100
407,97,163,263,129,685,130,200,100,200,150,100
408,96,163,263,129,685,131,200,100,200,150,100
409,96,164,263,129,685,131,200,100,200,150,100
410,96,164,263,129,686,131,100,100,200,50,100
411,96,164,263,129,686,131,100,100,200,50,100
412,95,167,263,129,687,131,200,100,200,150,100
413,95,168,263,129,687,131,200,100,200,150,100
414,96,162,263,129,686,133,200,100,200,150,100
415,96,162,263,129,686,133,200,100,200,150,100
416,95,163,263,129,686,132,200,100,200,150,100
417,95,163,263,129,686,132,200,100,200,150,100
418,95,163,263,129,514,130,100,100,200,50,100
419,75,178,263,129,513,130,200,100,200,150,100
420,75,178,263,129,686,131,200,100,200,150,100
421,76,178,263,129,686,131,200,100,200,150,100
422,76,179,263,129,685,132,200,100,200,150,100
423,94,163,263,129,685,132,200,100,200,150,100
424,75,182,263,129,685,134,200,100,200,150,100
425,76,182,263,129,685,134,200,100,200,150,100
426,75,185,263,129,685,132,200,100,200,150,100
427,74,185,263,129,685,132,200,100,200,150,100
428,75,186,263,129,686,132,200,100,200,150,100
429,75,184,263,129,686,131,200,100,200,150,100
430,75,182,263,129,686,133,200,100,200,150,100
431,75,182,263,129,685,133,200,100,200,150,100
432,74,173,263,129,685,133,200,100,200,150,100
433,74,174,263,129,685,133,200,100,200,150,100
434,74,171,263,129,671,142,200,100,200,150,100
435,74,170,263,129,670,141,200,100,200,150,100
436,74,174,263,129,685,131,200,100,200,150,100
437,74,174,263,129,685,131,200,100,200,150,100
438,74,176,263,129,671,136,200,100,200,150,100
439,74,176,263,129,671,137,200,100,200,150,100
440,75,171,263,129,669,138,200,100,200,150,100
441,75,171,263,129,669,138,200,100,200,150,100
442,75,170,263,129,670,136,200,100,200,150,100
443,75,170,263,129,670,136,200,100,200,150,100
444,75,169,263,129,670,139,200,100,200,150,100
445,75,170,263,129,670,139,200,100,200,150,100
446,76,170,263,129,670,138,200,100,200,150,100
447,76,171,263,129,670,139,200,100,200,150,100
448,75,173,263,129,671,140,200,100,200,150,100
449,76,174,263,129,670,140,200,100,200,150,100
450,75,175,263,129,684,133,200,100,200,150,100
451,75,176,263,129,684,133,200,100,200,150,100
452,74,133,263,129,684,134,200,100,200,150,100
453,74,133,263,129,684,135,200,100,200,150,100
454,74,174,263,129,670,142,200,100,200,150,100
455,74,174,263,129,670,142,200,100,200,150,100
456,74,174,263,129,669,145,200,100,200,150,100
457,74,174,263,129,669,145,200,100,200,150,100
458,73,176,263,129,670,143,200,100,200,150,100
459,73,177,263,129,670,143,200,100,200,150,100
460,73,178,263,129,671,140,200,100,200,150,100
461,74,180,263,129,670,141,200,100,200,150,100
462,209,129,263,129,669,142,200,100,200,150,100
463,209,129,263,129,669,143,200,100,200,150,100
464,73,140,263,129,669,143,200,100,200,150,100
465,74,139,263,129,669,143,200,100,200,150,100
466,74,141,263,129,669,141,200,100,200,150,100
467,74,142,263,129,669,141,200,100,200,150,100
468,72,181,263,129,669,145,200,100,200,150,100
469,72,181,263,129,669,147,200,100,200,150,100
470,73,177,263,129,668,143,200,100,200,150,100
471,73,178,263,129,668,144,200,100,200,150,100
472,74,178,263,129,669,142,200,100,200,150,100
473,74,178,263,129,669,142,200,100,200,150,100
474,73,176,263,129,670,143,200,100,200,150,100
475,73,178,263,129,670,144,200,100,200,150,100
476,74,180,263,129,671,143,200,100,200,150,100
477,74,180,263,129,670,143,200,100,200,150,100
478,75,181,263,129,670,142,200,100,200,150,100
479,75,181,263,129,670,142,200,100,200,150,100
480,72,184,263,129,671,143,200,100,200,150,100
481,73,185,263,129,671,143,200,100,200,150,100
482,73,181,263,129,669,139,200,100,200,150,100
483,73,181,263,129,669,140,200,100,200,150,100
484,71,132,263,129,668,138,200,100,200,150,100
485,71,132,263,129,668,138,200,100,200,150,100
486,71,132,263,129,654,130,100,100,200,50,100
487,71,132,263,129,654,130,100,100,200,50,100
488,71,132,263,129,653,129,100,100,200,50,100
489,71,132,263,129,653,129,100,100,200,50,100
490,71,132,458,129,653,130,100,200,200,100,200
491,71,132,458,128,653,130,100,200,200,100,200
492,71,132,460,129,653,128,100,200,200,100,200
493,71,132,460,129,653,128,100,200,200,100,200
494,71,132,459,128,653,129,100,200,200,100,200
495,71,132,459,129,653,130,100,200,200,100,200
496,71,132,458,129,653,131,100,200,200,100,200
497,71,132,458,129,653,132,100,200,200,100,200
498,42,170,458,129,652,131,200,200,200,200,200
499,42,169,458,129,652,130,200,200,200,200,200
500,42,169,458,129,652,131,100,200,200,100,200
501,42,169,458,129,652,131,100,200,200,100,200
502,42,169,458,128,652,130,100,200,200,100,200
503,42,169,458,128,652,130,100,200,200,100,200
504,42,169,459,129,652,130,100,200,200,100,200
505,42,169,458,129,652,130,100,200,200,100,200
506,43,184,457,129,652,130,200,200,200,200,200
507,43,183,458,129,652,131,200,200,200,200,200
508,42,174,458,130,652,132,200,200,200,200,200
509,42,174,458,131,652,131,200,200,200,200,200
510,42,175,458,131,651,131,200,200,200,200,200
511,42,176,458,132,651,131,200,200,200,200,200
512,42,176,457,133,651,131,100,200,200,100,200
513,42,176,457,133,651,131,100,200,200,100,200
514,42,176,457,133,651,131,100,200,200,100,200
515,42,176,457,133,651,131,100,200,200,100,200
516,41,173,457,134,650,130,200,200,200,200,200
517,41,173,457,135,650,130,100,200,200,100,200
518,42,175,458,132,650,130,200,200,200,200,200
519,42,176,458,132,650,130,200,200,200,200,200
520,42,170,458,132,650,131,200,200,200,200,200
521,42,170,458,133,650,131,200,200,200,200,200
522,42,170,457,131,650,131,200,200,200,200,200
523,42,171,457,132,650,131,200,200,200,200,200
524,41,175,458,134,650,133,200,200,200,200,200
525,41,175,458,134,650,133,200,200,200,200,200
526,41,175,457,137,650,133,100,200,200,100,200
527,41,175,457,137,650,133,100,200,200,100,200
528,41,175,455,131,650,132,100,200,200,100,200
529,41,175,455,131,650,132,100,200,200,100,200
530,41,175,456,134,650,131,100,200,200,100,200
531,41,175,456,133,650,131,100,200,200,100,200
532,41,175,456,132,650,132,100,200,200,100,200
533,41,175,456,132,651,132,100,200,200,100,200
534,43,169,456,133,650,130,200,200,200,200,200
535,43,170,456,134,650,130,200,200,200,200,200
536,43,170,456,134,650,130,100,200,200,100,200
537,43,168,456,134,650,130,200,200,200,200,200
538,43,173,456,131,626,133,200,200,200,200,200
539,43,174,456,131,626,134,200,200,200,200,200
540,41,171,456,132,626,133,200,200,200,200,200
541,42,171,457,130,626,133,200,200,200,200,200
542,42,172,457,130,626,133,200,200,200,200,200
543,42,171,457,129,626,133,200,200,200,200,200
544,42,171,456,130,650,133,200,200,200,200,200
545,42,171,456,129,627,132,200,200,200,200,200
546,43,165,456,130,627,131,200,200,200,200,200
547,43,165,456,130,628,131,200,200,200,200,200
548,43,165,456,130,650,134,100,200,200,100,200
549,43,165,456,131,650,134,100,200,200,100,200
550,43,165,456,132,650,134,100,200,200,100,200
551,43,165,456,132,650,135,100,200,200,100,200
552,43,165,456,130,628,131,100,200,200,100,200
553,43,165,456,130,628,131,100,200,200,100,200
554,43,165,456,129,627,135,100,200,200,100,200
555,43,165,456,130,627,135,100,200,200,100,200
556,43,165,456,130,627,133,100,200,200,100,200
557,43,165,456,130,627,133,100,200,200,100,200
558,43,165,456,131,627,131,100,200,200,100,200
559,43,165,456,131,627,131,100,200,200,100,200
560,43,165,456,132,628,132,100,200,200,100,200
561,43,165,456,132,627,133,100,200,200,100,200
562,43,165,456,130,627,132,100,200,200,100,200
563,43,165,456,130,627,133,100,200,200,100,200
564,43,165,456,131,627,132,100,200,200,100,200
565,43,165,456,131,627,132,100,200,200,100,200
566,43,165,457,131,627,132,100,200,200,100,200
567,43,165,457,131,626,132,100,200,200,100,200
568,43,165,456,131,627,132,100,200,200,100,200
569,43,165,457,131,626,131,100,200,200,100,200
570,43,165,457,130,626,131,100,200,200,100,200
571,43,165,456,130,627,133,100,200,200,100,200
572,43,165,456,130,627,131,100,200,200,100,200
573,43,165,456,130,628,131,100,200,200,100,200
574,43,165,456,130,628,131,100,200,200,100,200
575,43,165,455,130,627,131,100,200,200,100,200
576,43,165,456,130,627,134,100,200,200,100,200
577,43,165,457,131,627,134,100,200,200,100,200
578,43,165,456,131,628,134,100,200,200,100,200
579,43,165,456,131,628,134,100,200,200,100,200
580,43,165,456,130,627,131,100,200,200,100,200
581,43,165,456,130,627,131,100,200,200,100,200
582,153,130,456,130,628,132,200,200,200,200,200
583,153,130,456,130,627,132,200,200,200,200,200
584,153,130,456,129,626,131,100,200,200,100,200
585,153,130,456,130,627,131,100,200,200,100,200
586,153,130,456,130,626,131,100,200,200,100,200
587,153,130,456,130,626,130,100,200,200,100,200
588,153,130,456,130,626,131,100,200,200,100,200
589,153,130,456,130,626,132,100,200,200,100,200
590,153,130,456,131,628,134,100,200,200,100,200
591,153,130,456,131,628,134,100,200,200,100,200
592,153,130,456,132,629,136,100,200,200,100,200
593,153,130,456,133,628,136,100,200,200,100,200
594,153,130,457,134,651,131,100,200,200,100,200
595,153,130,457,134,651,131,100,200,200,100,200
596,153,130,458,131,651,131,100,200,200,100,200
597,153,130,458,130,651,131,100,200,200,100,200
598,153,130,458,135,651,132,100,200,200,100,200
599,153,130,458,135,651,132,100,200,200,100,200
600,153,130,458,133,652,132,100,200,200,100,200
601,153,130,459,134,651,131,100,200,200,100,200
602,153,130,458,135,651,131,100,200,200,100,200
603,153,130,458,135,652,131,100,200,200,100,200
604,153,130,459,132,651,131,100,200,200,100,200
605,153,130,459,132,651,131,100,200,200,100,200
606,153,130,458,136,652,132,100,200,200,100,200
607,153,130,459,136,652,132,100,200,200,100,200
608,153,130,459,133,651,132,100,200,200,100,200
609,153,130,459,134,651,132,100,200,200,100,200
610,153,130,459,129,652,132,100,200,200,100,200
611,153,130,459,130,652,132,100,200,200,100,200
612,153,130,459,130,652,132,100,200,200,100,200
613,153,130,459,130,652,132,100,200,200,100,200
614,153,130,460,132,652,131,100,200,200,100,200
615,153,130,459,131,652,131,100,200,200,100,200
616,153,130,460,130,652,132,100,200,200,100,200
617,153,130,460,130,652,131,100,200,200,100,200
618,153,130,460,130,652,131,100,200,200,100,200
619,153,130,460,130,652,132,100,200,200,100,200
620,153,130,460,130,651,132,100,200,200,100,200
621,153,130,460,130,652,131,100,200,200,100,200
622,153,130,459,129,653,131,200,200,200,200,200
623,154,130,459,130,653,132,200,200,200,200,200
624,154,130,459,129,653,131,100,200,200,100,200
625,154,130,459,130,652,131,100,200,200,100,200
626,154,130,460,131,652,131,100,200,100,100,150
627,154,130,460,131,652,131,100,200,100,100,150
628,154,130,459,131,653,132,100,200,200,100,200
629,154,130,459,131,654,132,100,200,200,100,200
630,154,130,458,131,653,133,100,200,200,100,200
631,154,130,459,131,653,132,100,200,200,100,200
632,154,130,459,131,654,132,100,200,200,100,200
633,154,130,459,131,654,132,100,200,200,100,200
634,154,130,459,129,654,132,100,200,100,100,150
635,154,130,459,129,654,132,100,200,100,100,150
636,154,130,459,131,653,132,100,200,200,100,200
637,154,131,459,131,653,132,200,200,200,200,200
638,154,130,460,131,653,133,200,200,200,200,200
639,153,130,460,132,653,133,200,200,200,200,200
640,153,130,460,130,653,133,200,200,100,150,50
641,153,130,460,130,653,133,200,200,100,150,50
642,41,166,460,130,653,133,200,200,100,100,150
643,41,167,460,129,653,133,200,200,100,100,150
644,41,169,460,130,653,133,200,200,100,100,150
645,41,169,460,130,653,133,200,200,100,100,150
646,41,170,460,130,653,133,200,200,100,150,50
647,41,170,460,130,653,133,200,200,100,100,150
648,154,131,460,130,653,133,200,200,100,150,50
649,154,131,460,130,653,133,200,200,100,150,50
650,41,168,460,130,653,133,200,200,100,150,50
651,41,168,460,130,653,133,200,200,100,150,50
652,42,167,460,131,653,133,200,200,100,150,50
653,155,131,460,131,653,133,200,200,100,150,50
654,208,129,460,130,653,133,200,200,100,150,50
655,208,129,460,130,653,133,200,200,100,150,50
656,208,128,460,131,671,163,200,200,200,200,200
657,208,129,460,130,671,163,200,200,200,200,200
658,208,129,460,131,671,163,200,200,100,150,50
659,208,129,460,131,671,163,200,200,100,150,50
660,155,130,461,131,671,163,200,200,100,150,50
661,155,131,460,131,671,163,200,200,100,150,50
662,208,129,460,130,671,163,200,200,100,150,50
663,207,129,460,130,671,163,200,200,100,150,50
664,208,130,460,130,670,162,200,200,200,200,200
665,209,130,461,130,670,162,200,200,200,200,200
666,208,129,461,130,671,136,200,200,200,200,200
667,208,129,461,130,670,136,200,200,200,200,200
668,209,129,460,132,669,163,200,200,200,200,200
669,208,129,460,131,669,163,200,200,200,200,200
670,208,129,461,131,669,162,200,200,200,200,200
671,208,129,460,132,669,162,200,200,200,200,200
672,155,130,461,133,669,162,200,200,100,150,50
673,155,130,461,133,669,162,200,200,100,150,50
674,155,130,461,133,671,163,200,200,200,200,200
675,155,130,461,133,671,163,200,200,200,200,200
676,155,130,461,133,671,163,200,200,200,200,200
677,155,130,461,134,670,163,200,200,200,200,200
678,155,130,461,133,670,164,200,200,200,200,200
679,155,131,461,133,670,164,200,200,200,200,200
680,155,130,461,133,670,163,200,200,200,200,200
681,155,130,461,133,670,163,200,200,200,200,200
682,155,130,461,133,672,162,200,100,200,150,100
683,208,129,461,133,672,162,200,100,200,150,100
684,154,129,462,135,684,161,200,200,200,200,200
685,155,129,462,135,684,161,200,200,100,150,50
686,208,129,462,135,672,163,200,100,200,150,100
687,208,129,462,135,684,162,200,100,200,150,100
688,155,130,462,135,484,129,200,100,200,150,100
689,155,130,462,135,484,129,200,100,200,150,100
690,208,129,462,135,670,163,200,100,200,150,100
691,209,129,462,135,670,163,200,100,200,150,100
692,209,130,462,135,685,162,200,100,200,150,100
693,209,130,462,135,685,162,200,100,200,150,100
694,209,129,462,135,685,162,200,100,200,150,100
695,209,129,462,135,684,162,200,100,200,150,100
696,209,129,462,135,686,161,200,100,200,150,100
697,209,129,462,135,686,161,200,100,200,150,100
698,156,129,462,135,686,163,200,100,200,150,100
699,156,129,462,135,686,163,200,100,200,150,100
700,209,129,462,135,484,130,200,100,200,150,100
701,209,129,462,135,484,130,200,100,200,150,100
702,209,130,462,135,484,129,200,100,200,150,100
703,209,130,462,135,484,129,200,100,200,150,100
704,209,130,462,135,686,162,200,100,200,150,100
705,209,130,462,135,686,162,200,100,200,150,100
706,156,131,462,135,484,130,200,100,200,150,100
707,156,131,462,135,484,130,200,100,200,150,100
708,156,131,462,135,686,162,200,100,200,150,100
709,156,131,462,135,686,162,200,100,200,150,100
710,155,132,462,135,485,130,200,100,200,150,100
711,155,132,462,135,485,130,200,100,200,150,100
712,208,130,462,135,684,130,200,100,200,150,100
713,208,130,462,135,684,130,200,100,200,150,100
714,210,131,462,135,685,161,200,100,200,150,100
715,210,131,462,135,685,161,200,100,200,150,100
716,208,130,462,135,486,130,200,100,200,150,100
717,209,131,462,135,485,130,200,100,200,150,100
718,209,130,462,135,487,131,200,100,200,150,100
719,209,130,462,135,487,131,200,100,200,150,100
720,208,131,462,135,686,130,200,100,200,150,100
721,209,130,462,135,686,131,200,100,200,150,100
722,208,131,462,135,486,130,200,100,200,150,100
723,208,131,462,135,486,130,200,100,200,150,100
724,208,130,462,135,511,136,200,100,200,150,100
725,208,130,462,135,511,136,200,100,200,150,100
726,208,131,462,135,511,139,200,100,200,150,100
727,208,131,462,135,511,139,200,100,200,150,100
728,209,130,462,135,513,137,200,100,200,150,100
729,208,130,462,135,513,137,200,100,200,150,100
730,209,131,462,135,514,137,200,100,200,150,100
731,209,130,462,135,514,137,200,100,200,150,100
732,209,130,462,135,516,135,200,100,200,150,100
733,209,130,462,135,516,135,200,100,200,150,100
734,209,131,462,135,515,136,200,100,200,150,100
735,209,131,462,135,515,136,200,100,200,150,100
736,209,131,462,135,515,135,200,100,200,150,100
737,209,131,462,135,515,136,200,100,200,150,100
738,210,130,462,135,516,138,200,100,200,150,100
739,210,130,462,135,516,139,200,100,200,150,100
740,210,131,462,135,516,139,200,100,200,150,100
741,210,131,462,135,517,138,200,100,200,150,100
742,210,130,462,135,516,138,200,100,200,150,100
743,210,130,462,135,516,137,200,100,200,150,100
744,209,132,462,135,516,136,200,100,200,150,100
745,209,131,462,135,516,137,200,100,200,150,100
746,210,130,462,135,516,139,200,100,200,150,100
747,210,130,462,135,516,139,200,100,200,150,100
748,210,130,462,135,516,142,200,100,200,150,100
749,210,131,462,135,516,142,200,100,200,150,100
750,209,131,462,135,516,137,200,100,200,150,100
751,209,131,462,135,516,138,200,100,200,150,100
752,210,131,462,135,517,135,200,100,200,150,100
753,210,131,462,135,517,137,200,100,200,150,100
754,210,131,462,135,518,136,200,100,200,150,100
755,210,131,462,135,518,136,200,100,200,150,100
756,210,130,462,135,517,136,200,100,200,150,100
757,210,131,462,135,517,137,200,100,200,150,100
758,209,131,462,135,517,137,200,100,200,150,100
759,209,131,462,135,517,136,200,100,200,150,100
760,209,131,462,135,518,137,200,100,200,150,100
761,209,131,462,135,518,137,200,100,200,150,100
762,210,131,462,135,518,139,200,100,200,150,100
763,210,131,462,135,518,139,200,100,200,150,100
764,211,131,462,135,517,139,200,100,200,150,100
765,211,131,462,135,518,139,200,100,200,150,100
766,210,131,462,135,517,137,200,100,200,150,100
767,210,131,462,135,517,137,200,100,200,150,100
768,211,131,462,135,517,137,200,100,200,150,100
769,211,131,462,135,517,136,200,100,200,150,100
770,211,131,462,135,517,137,200,100,200,150,100
771,211,131,462,135,517,137,200,100,200,150,100
772,210,131,462,135,517,137,200,100,200,150,100
773,210,131,462,135,518,137,200,100,200,150,100
774,210,130,462,135,518,136,200,100,200,150,100
775,210,130,462,135,517,136,200,100,200,150,100
776,210,130,462,135,540,130,200,100,200,150,100
777,210,130,462,135,540,131,200,100,200,150,100
778,210,131,462,135,539,130,200,100,200,150,100
779,210,131,462,135,539,130,200,100,200,150,100
780,210,131,462,135,539,130,200,100,200,150,100
781,210,131,462,135,539,130,200,100,200,150,100
782,209,131,462,135,539,131,200,100,200,150,100
783,210,131,462,135,539,130,200,100,200,150,100
784,210,130,462,135,539,131,200,100,200,150,100
785,210,130,462,135,539,130,200,100,200,150,100
786,210,130,462,135,540,130,200,100,200,150,100
787,210,130,462,135,540,131,200,100,200,150,100
788,210,130,462,135,541,131,200,100,200,150,100
789,210,130,462,135,541,131,200,100,200,150,100
790,210,129,462,135,541,131,200,100,200,150,100
791,211,130,462,135,540,131,200,100,200,150,100
792,210,130,462,135,540,131,200,100,200,150,100
793,211,130,462,135,540,131,200,100,200,150,100
794,211,130,462,135,540,131,200,100,200,150,100
795,210,130,462,135,540,131,200,100,200,150,100
796,210,131,462,135,567,139,200,100,200,150,100
797,210,131,462,135,567,140,200,100,200,150,100
798,210,130,462,135,567,139,200,100,200,150,100
799,210,130,462,135,566,139,200,100,200,150,100
800,210,131,462,135,567,139,200,100,200,150,100
801,210,131,462,135,567,140,200,100,200,150,100
802,210,131,462,135,566,134,200,100,200,150,100
803,210,131,462,135,566,134,200,100,200,150,100
804,210,131,462,135,567,138,200,100,200,150,100
805,210,131,462,135,567,138,200,100,200,150,100
806,210,131,462,135,567,139,200,100,200,150,100
807,210,131,462,135,567,139,200,100,200,150,100
808,210,131,462,135,568,139,200,100,200,150,100
809,210,131,462,135,567,139,200,100,200,150,100
810,210,131,462,135,568,139,200,100,200,150,100
811,210,131,462,135,568,139,200,100,200,150,100
812,211,131,462,135,569,140,200,100,200,150,100
813,211,131,462,135,568,139,200,100,200,150,100
814,211,131,462,135,570,164,200,100,200,150,100
815,211,131,462,135,570,164,200,100,200,150,100
816,210,132,462,135,571,166,200,100,200,150,100
817,210,132,462,135,571,166,200,100,200,150,100
818,210,132,462,135,569,140,200,100,200,150,100
819,210,131,462,135,570,140,200,100,200,150,100
820,210,131,462,135,571,165,200,100,200,150,100
821,210,131,462,135,571,165,200,100,200,150,100
822,211,131,263,131,572,162,200,200,200,200,200
823,211,131,263,131,573,162,200,200,200,200,200
824,211,131,263,131,571,135,200,100,200,150,100
825,211,131,263,131,571,135,200,100,200,150,100
826,210,131,262,131,574,162,200,200,200,200,200
827,210,131,262,131,574,161,200,200,200,200,200
828,210,131,262,131,572,137,200,100,200,150,100
829,210,131,262,131,572,137,200,100,200,150,100
830,210,131,262,131,576,161,200,100,200,150,100
831,210,131,262,131,576,161,200,100,200,150,100
832,210,130,262,131,578,161,200,100,200,150,100
833,210,130,262,131,578,161,200,100,200,150,100
834,211,132,262,131,575,137,200,100,200,150,100
835,211,131,262,131,575,137,200,100,200,150,100
836,211,131,262,131,575,144,200,100,200,150,100
837,211,131,262,131,580,167,200,100,200,150,100
838,211,131,263,132,575,143,200,200,200,200,200
839,212,131,263,132,575,143,200,200,200,200,200
840,211,131,263,132,622,137,200,200,200,200,200
841,210,131,263,132,621,138,200,200,200,200,200
842,211,130,263,130,598,131,200,200,200,200,200
843,211,130,263,131,598,131,200,200,200,200,200
844,211,130,262,130,623,140,200,200,200,200,200
845,210,130,263,131,623,140,200,200,200,200,200
846,210,130,263,130,625,178,100,200,200,100,200
847,210,130,263,130,625,178,100,200,200,100,200
848,210,130,264,130,628,174,200,200,200,200,200
849,210,130,264,130,627,175,200,200,200,200,200
850,210,130,264,130,627,167,200,200,200,200,200
851,210,130,264,130,627,167,200,200,200,200,200
852,210,130,264,129,629,170,100,200,200,100,200
853,210,130,263,130,629,170,100,200,200,100,200
854,210,130,264,131,631,169,100,200,200,100,200
855,210,130,265,131,631,169,100,200,200,100,200
856,210,129,263,130,632,170,200,200,200,200,200
857,210,130,263,130,632,171,200,200,200,200,200
858,210,130,264,130,631,171,200,200,200,200,200
859,210,130,264,130,631,171,200,200,200,200,200
860,210,130,264,129,633,173,200,200,200,200,200
861,210,130,264,130,633,173,200,200,200,200,200
862,211,130,265,130,634,175,200,200,200,200,200
863,210,130,265,130,633,175,200,200,200,200,200
864,211,128,265,129,635,174,200,200,200,200,200
865,211,128,265,129,635,174,200,200,200,200,200
866,211,128,266,130,635,169,100,200,200,100,200
867,211,128,266,130,635,169,100,200,200,100,200
868,211,128,267,130,634,167,100,200,200,100,200
869,211,128,266,130,634,166,100,200,200,100,200
870,211,128,266,130,633,171,100,200,200,100,200
871,211,128,266,130,633,169,100,200,200,100,200
872,211,128,266,130,635,168,100,200,200,100,200
873,211,128,266,130,635,169,100,200,200,100,200
874,211,128,265,132,630,140,100,200,200,100,200
875,211,128,265,131,629,140,100,200,200,100,200
876,211,128,266,131,630,138,100,200,200,100,200
877,211,128,266,131,630,139,100,200,200,100,200
878,211,128,266,130,630,142,100,200,200,100,200
879,211,128,266,130,630,142,100,200,200,100,200
880,211,128,266,130,630,141,100,200,200,100,200
881,211,128,266,129,630,142,100,200,200,100,200
882,211,128,266,130,635,174,100,200,200,100,200
883,211,128,266,130,635,175,100,200,200,100,200
884,211,128,266,130,629,146,100,200,200,100,200
885,211,128,266,130,629,147,100,200,200,100,200
886,211,128,266,131,630,143,100,200,200,100,200
887,211,128,266,131,630,143,100,200,200,100,200
888,211,128,292,162,629,141,100,200,200,100,200
889,211,128,293,162,629,142,100,200,200,100,200
890,211,128,292,165,630,144,100,200,200,100,200
891,211,128,292,166,630,145,100,200,200,100,200
892,211,128,290,132,630,142,100,200,200,100,200
893,211,128,292,163,635,175,100,200,200,100,200
894,211,128,290,131,635,171,100,200,200,100,200
895,211,128,266,131,636,171,100,200,200,100,200
896,211,128,267,132,635,165,100,200,200,100,200
897,211,128,266,132,635,166,100,200,200,100,200
898,211,128,266,131,636,167,100,200,200,100,200
899,211,128,266,131,636,167,100,200,200,100,200
900,211,128,294,165,637,174,100,200,200,100,200
901,211,128,293,165,636,173,100,200,200,100,200
902,211,128,290,131,635,169,100,200,200,100,200
903,211,128,293,164,635,168,100,200,200,100,200
904,211,128,290,131,635,168,100,200,100,100,150
905,211,128,290,131,635,168,100,200,100,100,150
906,211,128,290,132,636,167,100,200,200,100,200
907,211,128,290,132,636,166,100,200,200,100,200
908,211,128,290,132,636,166,100,200,200,100,200
909,211,128,290,133,636,166,100,200,100,100,150
910,211,128,290,132,636,166,100,200,100,100,150
911,211,128,290,132,630,140,100,200,200,100,200
912,211,128,266,131,630,140,100,200,100,100,150
913,211,128,266,130,630,140,100,200,100,100,150
914,211,128,266,131,631,139,100,200,200,100,200
915,211,128,266,131,630,138,100,200,200,100,200
916,211,128,266,130,631,140,100,200,200,100,200
917,211,128,266,130,631,140,100,200,100,100,150
918,211,128,265,131,631,143,100,200,200,100,200
919,211,128,265,131,631,144,100,200,200,100,200
920,211,128,290,130,671,188,100,200,200,100,200
921,211,128,290,130,671,188,100,200,200,100,200
922,211,128,290,130,670,185,100,200,200,100,200
923,211,128,290,130,670,186,100,200,200,100,200
924,211,128,290,131,671,184,100,200,200,100,200
925,211,128,290,131,671,184,100,200,200,100,200
926,211,128,266,130,670,177,100,200,200,100,200
927,211,128,266,130,670,178,100,200,200,100,200
928,211,128,290,132,672,174,100,200,200,100,200
929,211,128,266,131,672,174,100,200,200,100,200
930,211,128,290,132,671,171,100,200,200,100,200
931,211,128,291,132,671,176,100,200,200,100,200
932,211,128,290,131,671,171,100,200,200,100,200
933,211,128,290,132,671,171,100,200,200,100,200
934,211,128,290,133,672,169,100,200,200,100,200
935,211,128,291,132,672,168,100,200,200,100,200
936,211,128,290,131,671,168,100,200,200,100,200
937,211,128,290,131,671,169,100,200,200,100,200
938,211,128,290,131,671,167,100,200,200,100,200
939,211,128,267,130,671,167,100,200,200,100,200
940,211,128,267,130,670,166,100,200,200,100,200
941,211,128,267,130,670,166,100,200,200,100,200
942,211,128,290,131,671,166,100,200,200,100,200
943,211,128,290,131,671,166,100,200,200,100,200
944,211,128,267,130,671,167,100,200,200,100,200
945,211,128,267,130,671,167,100,200,200,100,200
946,211,128,291,131,671,169,100,200,200,100,200
947,211,128,291,131,671,169,100,200,200,100,200
948,211,128,290,130,670,166,100,200,200,100,200
949,211,128,290,130,670,166,100,200,200,100,200
950,211,128,290,131,671,170,100,200,200,100,200
951,211,128,290,130,671,170,100,200,200,100,200
952,211,128,291,131,670,170,100,200,200,100,200
953,211,128,291,132,670,169,100,200,200,100,200
954,211,128,318,131,671,172,100,200,200,100,200
955,211,128,290,132,671,172,100,200,200,100,200
956,211,128,265,131,672,174,100,200,200,100,200
957,211,128,265,132,672,174,100,200,200,100,200
958,211,128,266,131,672,167,100,200,200,100,200
959,211,128,266,131,672,167,100,200,200,100,200
960,211,128,318,130,674,170,100,200,200,100,200
961,211,128,318,130,674,170,100,200,200,100,200
962,211,128,292,131,673,170,100,200,200,100,200
963,211,128,293,131,673,170,100,200,200,100,200
964,211,128,318,131,673,171,100,200,200,100,200
965,211,128,317,131,673,172,100,200,200,100,200
966,211,128,318,131,672,170,100,200,200,100,200
967,211,128,319,131,672,170,100,200,200,100,200
968,211,128,319,130,673,171,100,200,200,100,200
969,211,128,319,130,673,171,100,200,200,100,200
970,211,128,318,130,672,172,100,200,200,100,200
971,211,128,319,130,672,171,100,200,200,100,200
972,211,128,319,130,671,172,100,200,200,100,200
973,211,128,319,129,671,173,100,200,200,100,200
974,211,128,318,130,671,175,100,200,200,100,200
975,211,128,318,130,671,175,100,200,200,100,200
976,211,128,319,130,671,176,100,200,200,100,200
977,211,128,318,130,671,176,100,200,200,100,200
978,211,128,318,130,673,176,100,200,200,100,200
979,211,128,318,130,673,175,100,200,200,100,200
980,211,128,318,130,670,149,100,200,200,100,200
981,211,128,318,130,673,177,100,200,200,100,200
982,211,128,318,130,670,151,100,200,200,100,200
983,211,128,318,130,670,151,100,200,200,100,200
984,211,128,293,132,670,152,100,200,200,100,200
985,211,128,292,131,669,153,100,200,200,100,200
986,211,128,318,130,669,151,100,200,200,100,200
987,211,128,318,130,669,150,100,200,200,100,200
988,211,128,318,130,671,177,100,200,200,100,200
989,211,128,293,131,671,176,100,200,200,100,200
990,211,128,319,130,672,178,100,200,200,100,200
991,211,128,318,130,672,178,100,200,200,100,200
992,211,128,318,130,671,172,100,200,200,100,200
993,211,128,318,130,671,173,100,200,200,100,200
994,96,131,318,129,669,148,200,200,200,200,200
995,96,131,318,129,669,148,200,200,200,200,200
996,96,131,318,130,669,153,100,200,200,100,200
997,96,131,318,130,669,153,100,200,200,100,200
998,96,131,318,130,670,152,100,200,200,100,200
999,96,131,318,130,670,152,100,200,200,100,200
1000,96,131,319,130,671,153,100,200,200,100,200
1001,96,131,319,131,674,181,100,200,200,100,200
1002,96,131,319,131,674,179,100,200,200,100,200
